,XLK,XLF,SPY,IEF,TIPS,VIX
Date,Close,Close,Close,Close,Close,Close
1/4/2019,0.03263245403,0.009844214035,0.02577532841,-0.002205495452,0,-0.1615839131
1/11/2019,0.02808781123,0.05942342047,0.02847329989,-0.007129124607,0,-0.02167353523
1/18/2019,0.008836133055,0,-0.002555239629,0.003859890926,0,-0.02157948587
1/25/2019,0.0111615035,0.001921230178,0.01597525763,0.002597029306,0,-0.07631830858
2/1/2019,0.01960555891,-0.01469477332,0.001517029873,0.004887173735,0,-0.02636687584
2/8/2019,0.02369124684,0.02917673373,0.02519116855,-0.001626405525,0,-0.05290165822
2/15/2019,0.01454467391,0.001134430071,0.006361093128,0.0015308078,0,-0.0986019768
2/22/2019,0.009860623635,0.00865480473,0.004575031212,-0.00989583903,0,0.004431321875
3/1/2019,-0.02167991395,-0.02734693774,-0.02148294845,0.01123337625,0,0.1678473757
3/8/2019,0.04454517948,0.02509637415,0.02465173326,0.003336037026,0,-0.2200331289
3/15/2019,0.004510977508,-0.04965422493,-0.00734982615,0.0118243822,0,0.2464718038
3/22/2019,0.009231670233,0.01449584638,0.01150031367,0.003098448561,0,-0.1840220309
3/29/2019,0.0256150611,0.03403119451,0.02132993921,-0.008851281893,0,-0.06711904208
4/5/2019,0.01165468571,0.02009743862,0.005494804142,-0.004360196481,0,-0.0652668154
4/12/2019,0.01306362755,0.007342176889,-0.0004826088549,0.0004748563649,0,0.006639028535
4/18/2019,0.00946419649,0.0130815819,0.01162106217,0.005586342227,0,0.05158274794
4/26/2019,0.003557818238,0.01326897718,0.002110854658,-0.00406831537,0,0.01093760904
5/3/2019,-0.03432152123,-0.02124292302,-0.02037416086,0.006049167784,0,0.2201865808
5/10/2019,-0.01055697321,-0.0220759517,-0.007875428375,0.005731751656,0,-0.005000010417
5/17/2019,-0.02798137895,-0.0007443245599,-0.01076300355,0.00597853252,0,-0.006916091698
5/24/2019,-0.0194234359,-0.03215711163,-0.02691677598,0.01424103964,0,0.16588864
5/31/2019,0.05809304749,0.04179038361,0.04399202913,0.002933897768,0,-0.1378930325
6/7/2019,-0.001181955617,0.004415018209,0.005581474336,0.0008236102044,0,-0.06462032407
6/14/2019,0.0286270439,-0.000734484058,0.01625382969,0.002010418296,0,0.007822725681
6/21/2019,-0.003453793008,0.0138637755,-0.003407158322,0.004372388092,0,-0.02099814684
6/28/2019,0.02417992353,0.02008675857,0.01846331149,-0.003916037972,0,-0.1271102185
7/5/2019,0.0147746185,0.005665737536,0.007310876982,-0.004939636828,0,-0.06936944841
7/12/2019,-0.005561405918,-0.013508915,-0.01164243186,0.00521334697,0,0.1538047189
7/19/2019,0.02327395596,0.02648927616,0.01615576379,-0.001643385744,0,-0.172542538
7/26/2019,-0.04380804417,-0.03873285727,-0.03158529046,0.01550418654,0,0.370315046
8/2/2019,-0.007109335517,-0.01570234928,-0.003423254062,0.008778272063,0,0.02023677829
8/9/2019,-0.002679085611,-0.02233066367,-0.009544062661,0.01311261811,0,0.02744409342
8/16/2019,-0.01428136206,-0.01784744544,-0.0139447963,0.001495228741,0,0.07306326235
8/23/2019,0.0301235285,0.03093419045,0.02633098596,0.002019404523,0,-0.04582526338
8/30/2019,0.02446871128,0.01913229808,0.01896754578,-0.005364772552,0,-0.2353355921
9/6/2019,-0.004180505289,0.03755134565,0.01014796571,-0.02590587034,0,-0.08773891431
9/13/2019,-0.01115115012,-0.01449556935,-0.009376580703,0.01348335034,0,0.1088478775
9/20/2019,-0.007127257429,-0.0003561887838,-0.009702272578,0.003387114389,0,0.1169123347
9/27/2019,0.01073400221,-0.02197099003,-0.003560834623,0.01264440561,0,-0.0105079776
10/4/2019,0.01258343769,0.006895327629,0.006535417671,-0.01692477598,0,-0.08957548096
10/11/2019,-0.008124121493,0.01649965695,0.005687857152,0.0004467277269,0,-0.08923113373
10/18/2019,0.02453886175,0.01867895717,0.01210882584,-0.003310520627,0,-0.1190996915
10/25/2019,0.02088506009,0.01662088124,0.01494087753,0.004917090055,0,-0.0280579528
11/1/2019,0.01698032484,0.02442455201,0.009104569623,-0.01699910521,0,-0.01887622727
11/8/2019,0.01292126884,-0.003020643344,0.009182800982,0.00849070226,0,-0.001658375173
11/15/2019,-0.007478605874,0.005698021115,-0.002665597724,0.004576667027,0,0.02378135854
11/22/2019,0.01796900994,0.007657770067,0.01071547349,-0.001074979948,0,0.02243683864
11/29/2019,-0.004547529438,0.006941029354,0.001780095197,-0.005392302093,0,0.07625644361
12/6/2019,0.01952107123,0.01146238193,0.007750873204,0.001710710362,0,-0.07546436436
12/13/2019,0.01618301777,-0.0009773579537,0.01068891926,-0.007948018719,0,-0.009546611884
12/20/2019,0.01049993241,0.002929212835,0.006619145036,0.003710915242,0,0.07096268606
12/27/2019,0.004667579709,-0.0006501950814,-0.001394765208,0.007021995004,0,0.04299387107
1/3/2020,0.02153385474,-0.001953125621,0.01018338739,-0.001975575355,0,-0.1099677206
1/10/2020,0.0289360555,0.01101760983,0.01897694025,0.0004493372351,0,-0.03731170844
1/17/2020,0.003186844126,-0.02084087153,-0.009625937022,0.01019048776,0,0.1850725902
1/24/2020,-0.02178961493,-0.01425044828,-0.02164573366,0.01412951801,0,0.2577042264
1/31/2020,0.04472081453,0.03154006507,0.0320245127,-0.006863203359,0,-0.1970796046
2/7/2020,0.02251520847,0.00805287006,0.01612456554,0.0003531073483,0,-0.1229677524
2/14/2020,-0.02502613231,-0.01291590445,-0.01227886918,0.00834986174,0,0.2219732762
2/21/2020,-0.1180219017,-0.1460049841,-0.1183454464,0.02600466176,0,0.8537174914
2/28/2020,0.006092076603,-0.03989788861,0.004042315011,0.02642584134,0,0.04461434569
3/6/2020,-0.05454847278,-0.1029715472,-0.09937949849,-0.02565861058,0,0.3212676467
3/13/2020,-0.1644982072,-0.1979748868,-0.1630520042,0.0151383499,0,0.1327529469
3/20/2020,0.09566652271,0.1053076322,0.1021999319,0.01532597048,0,-0.007599975781
3/27/2020,-0.01888181458,-0.06743021193,-0.0208536095,0.007903877801,0,-0.3367774403
4/3/2020,0.09963878353,0.1743126531,0.1141456976,-0.008069208048,0,-0.1161017575
4/9/2020,0.04655202537,-0.04326652543,0.02988679351,0.006509849531,0,-0.0882556877
4/17/2020,-0.007083058451,-0.02946054892,-0.01288618804,0.003198165832,0,-0.05995315661
4/24/2020,0.00304174177,0.01461213213,-0.0006363122387,-0.003526761909,0,0.03446730681
5/1/2020,0.06404627402,0.01037213357,0.03355494471,-0.001480020004,0,-0.2845499387
5/8/2020,-0.01391788734,-0.05723758727,-0.02128916455,0.003449978779,0,0.1308025118
5/15/2020,0.03179884684,0.04049890195,0.03149541767,-0.0005741705444,0,-0.1243899497
5/22/2020,0.01522193332,0.06576381942,0.02961400881,0.0004921663622,0,-0.02335295635
5/29/2020,0.03451039627,0.1141216826,0.04817658655,-0.01795588352,0,-0.1150604639
6/5/2020,-0.0199189934,-0.09633967297,-0.04853811352,0.01343526595,0,0.3865267076
6/12/2020,0.02807027841,0.006274858489,0.01445729676,0.001234923797,0,-0.02724504989
6/19/2020,-0.00687018111,-0.06015559088,-0.02822642172,0.003531686148,0,-0.01116690201
6/26/2020,0.03607566874,0.01712445798,0.03979096828,-0.002051787826,0,-0.226893736
7/2/2020,0.02634321539,0.02110782652,0.01702114702,0.001395673639,0,-0.01418979603
7/10/2020,-0.01163290769,0.02067148063,0.0129203593,0.001147917476,0,-0.0608078559
7/17/2020,-0.01537548565,0.01327269588,-0.002614380574,0.002537137671,0,0.006211200093
7/24/2020,0.04851853576,-0.00993796999,0.01742398112,0.003752961899,0,-0.05488454866
7/31/2020,0.02953330582,0.03315220732,0.02435492266,-0.002201117752,0,-0.09649649235
8/7/2020,0.001230120531,0.01359477155,0.006761914923,-0.009017932896,0,-0.007230036013
8/14/2020,0.03503075816,-0.03516224029,0.00780699494,0.005666202801,0,0.02197890672
8/21/2020,0.04330830248,0.04228534124,0.03217389069,-0.006078047459,0,0.01846206284
8/28/2020,-0.04178326618,-0.002764068887,-0.02311290941,0.0007411983045,0,0.2921364228
9/4/2020,-0.04466728313,-0.02320104068,-0.02515539882,0.004435689875,0,-0.1348795716
9/11/2020,-0.0106800588,-0.001214820963,-0.01026020344,-0.002544008594,0,-0.03947381552
9/18/2020,0.0193182791,-0.04941840037,-0.005823668981,0.003117567543,0,0.02106954018
9/25/2020,0.008738259027,0.03390155168,0.01542509114,-0.003199740187,0,0.04629599165
10/2/2020,0.04458036583,0.03755741231,0.03823057355,-0.005603640539,0,-0.1000263141
10/9/2020,0.007791170783,-0.009558017806,0.001267755954,0.001981343008,0,0.09203208545
10/16/2020,-0.02237528646,0.01035041087,-0.004357431109,-0.007201123698,0,0.005094625284
10/23/2020,-0.06613835924,-0.05662273905,-0.05725028198,-0.002661788296,0,0.3221098015
10/30/2020,0.09230433833,0.04507112683,0.06983774018,0.003658135107,0,-0.424852251
11/6/2020,-0.003130408685,0.07967281679,0.02242208412,-0.004324690706,1.098612289,-0.07342746855
11/13/2020,-0.009034084069,0.005534048435,-0.007765341854,0.004324690706,-0.4054651081,0.02564243061
11/20/2020,0.02100831063,0.04636949257,0.02319992788,-0.0002489936519,0,-0.1286008313
11/27/2020,0.02718301669,0.0177550356,0.01685065501,-0.009591799632,-0.6931471806,-0.002402115015
12/4/2020,-0.01390131837,-0.01810634423,-0.009644848249,0.006932002536,0,0.1144103512
12/11/2020,0.03128348553,0.001053555848,0.007831660196,-0.004588120666,0,-0.07757899265
12/18/2020,0.006295928457,0.01601705551,-0.0004876859399,0.001670844165,0,0.07757899265
12/24/2020,0.007410872269,0.0181418633,0.01313824627,0.001251303604,0,-0.02431730765
12/31/2020,0.00567529708,0.0476911564,0.01954666677,-0.01435853209,0,-0.05372539936
1/8/2021,-0.02587486517,0.0006466214257,-0.01469060451,0.001774473405,0,0.1212813415
1/15/2021,0.04158139846,-0.01958287122,0.01893067158,0.001096907674,0,-0.105177934
1/22/2021,-0.02980049372,-0.0468967699,-0.03402944723,0.0005058595505,-0.3364722366,0.4122879683
1/29/2021,0.04837272249,0.06486230291,0.04656546055,-0.006850790104,0,-0.4609184008
2/5/2021,0.02387759017,0.02018975806,0.01263552404,-0.0003395297546,-0.2231435513,-0.04408157366
2/12/2021,-0.01849746885,0.02784475216,-0.00666950228,-0.01066881626,0,0.09908145447
2/19/2021,-0.04019435862,-0.003090237317,-0.02510548657,-0.006715479392,0.4054651081,0.2371045977
2/26/2021,-0.01340337428,0.04241774941,0.008560373745,-0.01164319348,-0.1823215568,-0.1252347019
3/5/2021,0.01889747433,0.03096041677,0.02682463555,-0.004730626431,0.1823215568,-0.175532006
3/12/2021,-0.01386942274,-0.01594467756,-0.01169066586,-0.007491992207,-0.6931471806,0.01248815461
3/19/2021,0.02341205801,0.004373822398,0.01655118882,0.004854164247,1.386294361,-0.1050953692
3/26/2021,0.02095918602,0.002905289667,0.01162468055,-0.001938839067,1.011600912,-0.08460417348
4/1/2021,0.04538199818,0.01953523773,0.02679633301,0.002202935199,0,-0.03762936605
4/9/2021,0.0107343087,0.007087201883,0.01392481022,0.005967547328,-0.1292117315,-0.0267168289
4/16/2021,-0.004195810351,-0.0005651314081,-0.00124700256,0.001923077516,-0.1484200051,0.06434619495
4/23/2021,-0.02124725822,0.0245685166,0.001342861455,-0.004551430177,-0.04082199452,0.07125996693
4/30/2021,-0.004807529081,0.04106465675,0.01148424621,0.004376757687,-0.1823215568,-0.108889333
5/7/2021,-0.02218192108,0.002643406245,-0.01321111381,-0.00297410996,-0.1053605157,0.1195789056
5/14/2021,0.001543153483,-0.007951274333,-0.003944588528,0.0005254860867,-0.1177830357,0.06881564508
5/21/2021,0.0160970736,0.01085097321,0.01221601337,0.001662219883,0,-0.1842091933
5/28/2021,0.01163722637,0.01255574956,0.006076160344,0.003229046747,-0.06453852114,-0.02049499103
6/4/2021,0.01383049813,-0.02393906242,0.004038214979,0.007292331995,0.2876820725,-0.04802918704
6/11/2021,0.0008448919745,-0.06404166199,-0.0223785896,-0.0006056673341,-0.1053605157,0.2796627833
6/18/2021,0.02185803297,0.04712623651,0.02778451636,-0.005641641488,-0.1177830357,-0.2815815559
6/25/2021,0.03138283232,0.0002707459066,0.01652891768,0.007457544101,0,-0.03584613177
7/2/2021,0.008901938809,-0.006245777262,0.004141554859,0.005685749294,-0.2876820725,0.07106989899
7/9/2021,-0.005970166987,-0.01620246896,-0.009644077239,0.004713553741,0.8109302162,0.1312884589
7/16/2021,0.02769024104,0.003868476778,0.01974171175,0.002220515047,-0.2047944126,-0.07015498667
7/23/2021,-0.007274648865,0.0071448504,-0.003255737408,0.004171461376,-0.1466034742,0.05870760083
7/30/2021,0.009472594025,0.03603509005,0.009035248753,-0.005793660238,-0.05406722127,-0.121696935
8/6/2021,0.0008391157504,0.0188388617,0.007721698411,0.001792803656,0.5108256238,-0.04431104632
8/13/2021,0.00482735144,-0.0233392002,-0.005757482619,0.002470504302,0.2363887781,0.183399724
8/20/2021,0.01440708288,0.03416683885,0.01542090294,-0.003153098185,-0.2702903297,-0.1243373346
8/27/2021,0.008570760809,-0.02413507574,0.006265726276,-0.001366587162,0,0.001219512346
9/3/2021,-0.01727945775,-0.01295457641,-0.01700615263,-0.001539646186,-0.03509131981,0.2442477413
9/10/2021,-0.007369230107,0,-0.009111063883,-0.0028288562,-0.2411620568,-0.006705005963
9/17/2021,0.007879857551,0.01688694483,0.00567034536,-0.006718371523,-0.1466034742,-0.1590481245
9/24/2021,-0.03334939909,-0.001833181082,-0.02202446254,-0.000864603201,0.1000834586,0.1752543896
10/1/2021,0.002569763876,0.02254857746,0.008301847933,-0.01025917536,0.3227733923,-0.1193800549
10/8/2021,0.02566158937,0.01247946923,0.01812820513,0.001397258109,-0.2762533766,-0.1410947428
10/15/2021,0.01590769101,0.02770675173,0.01612956135,-0.005513030809,0.04445176257,-0.05485144144
10/22/2021,0.01950427522,-0.008902135941,0.01343773303,0.005862040497,-0.09097177821,0.05239443774
10/29/2021,0.0337818557,-0.005979091056,0.02000540968,0.009377510761,0.09097177821,0.01343942036
11/5/2021,0.001375639441,0.003243111237,-0.002692884722,-0.009464751765,-0.1910552368,-0.01159610187
11/12/2021,0.02362640167,-0.0285481052,0.003460950301,0.002091686313,0.05129329439,0.09480779346
11/19/2021,-0.03154723516,-0.006427583512,-0.02138335091,0.004430359503,-0.1053605157,0.4687465581
11/26/2021,-0.005194503103,-0.01927142974,-0.01216600019,0.008544478688,0,0.069179204
12/3/2021,0.05736698195,0.02646755435,0.03748707635,-0.00880454544,0,-0.4952963567
12/10/2021,-0.04085058596,-0.01184970074,-0.02336208377,0.0057921061,-0.1177830357,0.1433148389
12/17/2021,0.02969527507,0.005942402191,0.02306463545,-0.005965521517,-0.3746934494,-0.1831563975
12/23/2021,0.005363180007,0.005907298545,0.009222113669,-0.002778744407,0.7801585575,-0.04207556387
12/31/2021,-0.04674188087,0.0528669595,-0.01885184144,-0.01984784571,-0.08701137699,0.08565544458
1/7/2022,-0.001025053604,-0.00829273045,-0.002943674841,-0.001420202618,0.2411620568,0.02266236644
1/14/2022,-0.07144779216,-0.06658158972,-0.05926182645,0.002749813238,-0.07410797215,0.4077206829
1/21/2022,0.02350186611,0.0135207468,0.009023506274,-0.002838642907,-0.1670540847,-0.04212266672
1/28/2022,0.01007565199,0.0350200719,0.01515775947,-0.01224486855,-0.0953101798,-0.17497335
2/4/2022,-0.02995549746,0.0002493454694,-0.01853487763,-0.0005397139647,0.04879016417,0.1640681165
2/11/2022,-0.01594411155,-0.02243885901,-0.01424528771,0.0007195539076,-0.1541506798,0.01415374744
2/18/2022,0.01245167494,-0.003064353777,0.008073623524,-0.003242077768,0.1541506798,-0.005782451963
2/25/2022,-0.03025551395,-0.04900757911,-0.01282894181,0.01911967472,-0.1541506798,0.1476573192
3/4/2022,-0.03873735753,-0.02254611324,-0.0283976653,-0.02182945869,0,-0.03922071315
3/11/2022,0.07364674841,0.06899287149,0.05657368426,-0.01356848208,-0.1177830357,-0.2532675539
3/18/2022,0.02010984172,0.01324522675,0.0182125162,-0.0277963515,0.1718502569,-0.1371887999
3/25/2022,0.001515725944,-0.03344793407,0.000507944932,0.00535891848,-0.05406722127,-0.05837463212
4/1/2022,-0.03892793764,-0.008671713782,-0.01188255938,-0.02372027721,-0.1823215568,0.0750535987
4/8/2022,-0.03859365437,-0.02674671342,-0.02209360672,-0.006840433243,0.2876820725,0.0702523175
4/14/2022,-0.02457668914,-0.01971046564,-0.02720610477,-0.006790209424,-0.05129329439,0.2173116005
4/22/2022,-0.01166972821,-0.04698090885,-0.03350988923,0.0006810995155,0,0.168879375
4/29/2022,-0.006028600832,0.006642623703,-0.001603226228,-0.01687141539,0,-0.1010451563
5/6/2022,-0.03408064158,-0.03545120033,-0.0236647946,0.01492418471,-0.1112256351,-0.04470775004
5/13/2022,-0.03596971015,-0.01836018467,-0.03055775767,0.01191585908,0,0.01921156857
5/20/2022,0.076361758,0.07742221015,0.06370725922,0.005474203346,-0.06062462182,-0.1347456629
5/27/2022,-0.01044600012,-0.01987572527,-0.01143146379,-0.01787746313,-0.1335313926,-0.03682855332
6/3/2022,-0.06568688128,-0.0694641202,-0.05183957922,-0.01800432322,0.1941560144,0.1127954941
6/10/2022,-0.05061500309,-0.05043615379,-0.06338304051,-0.005275481304,-0.1941560144,0.1149361443
6/17/2022,0.06845776873,0.04457826745,0.06410109973,0.009436374963,0.06899287149,-0.1338526778
6/24/2022,-0.04631664286,-0.01432600023,-0.02292274822,0.02045181124,-0.2231435513,-0.01965574128
7/1/2022,0.04196097361,0.006253929076,0.01930155647,-0.01709610339,0,-0.08029242674
7/8/2022,-0.003694631912,-0.00939562189,-0.009149714905,0.01233858192,-0.08701137699,-0.01677960384
7/15/2022,0.03590890257,0.03006580097,0.02553264742,0.0142051961,-0.0953101798,-0.050793821
7/22/2022,0.04975443423,0.02889156716,0.04188549016,0.009074039051,0,-0.07668318135
7/29/2022,0.01922872046,-0.0005934718275,0.003585883231,-0.01523382754,-0.1053605157,-0.008474626991
8/5/2022,0.02412508228,0.05402035323,0.03243321741,0.0007720517658,0.2876820725,-0.0796881606
8/12/2022,-0.01673847328,-0.01701685986,-0.01168116527,-0.01144865517,0,0.05333933091
8/19/2022,-0.05717032874,-0.03611341765,-0.04068480616,-0.004989005212,-0.1823215568,0.2157375537
8/26/2022,-0.05156423999,-0.02492247293,-0.03277830907,-0.0143219397,0,-0.003527340518
9/2/2022,0.03221904309,0.04372443692,0.03595600385,-0.008291341641,0,-0.1111794457
9/9/2022,-0.06387790363,-0.03856900472,-0.05313307828,-0.01018307937,0,0.1432470959
9/16/2022,-0.03937922156,-0.06272528401,-0.04674976354,-0.01902870715,-0.2231435513,0.1289582139
9/23/2022,-0.04090954752,-0.02247285585,-0.02970720298,-0.008609565136,0,0.05526267868
9/30/2022,0.0166148677,0.0173065544,0.01558429807,-0.008054015609,-0.2876820725,-0.008256636299
10/7/2022,-0.03342483989,0.003877226182,-0.01432522207,-0.009920925698,0,0.02082751209
10/14/2022,0.06255667845,0.0373461122,0.04553196562,-0.01216534051,0.2876820725,-0.07555041879
10/21/2022,0.04127870218,0.06027735834,0.03859985816,0.01808752364,0.1177830357,-0.1423756617
10/28/2022,-0.06859055347,-0.008223247514,-0.0331111947,-0.01508580612,-0.1177830357,-0.04772277287
11/4/2022,0.09569330862,0.05619133541,0.05721303054,0.026617541,0,-0.08630805097
11/11/2022,-0.007917697737,-0.01403728833,-0.006242626058,0.001978446004,-0.6931471806,0.02629424053
11/18/2022,0.01136675267,0.02070583207,0.01578268143,0.01014291453,-0.6931471806,-0.1202731577
11/25/2022,0.01308763476,-0.004997234164,0.01131938338,0.01603793505,1.098612289,-0.07283298792
12/2/2022,-0.03342783167,-0.03974408972,-0.03407020439,-0.008446597819,-0.4054651081,0.1804835623
12/9/2022,-0.02655057464,-0.02433067404,-0.02578212473,0.007736982502,0.4054651081,-0.009240989854
12/16/2022,-0.0228508832,0.007391016646,-0.0009397270263,-0.01904234443,-0.1823215568,-0.0805217496
12/23/2022,-0.001284934324,0.007336790064,-0.001254344639,-0.010076437,-0.2231435513,0.03761609446
12/30/2022,0.002327729108,0.03392104466,0.01466587395,0.02678363645,0,-0.02523498392
1/6/2023,0.04514519434,0.02070003982,0.02649599429,0.006181303565,-0.2876820725,-0.1410642571
1/13/2023,0.006492785289,-0.02154833621,-0.006596363202,0.001816714266,0.2876820725,0.07857443263
1/20/2023,0.03999936297,0.02514098896,0.02445353646,-0.001513699265,0,-0.06989288055
1/27/2023,0.0364172824,0.00933559773,0.01630783179,-0.004250588325,0,-0.009772064734
2/3/2023,-0.009852994827,-0.002736728583,-0.01050729447,-0.01677273929,-0.2876820725,0.1133481692
2/10/2023,-0.003997150218,-0.002744238824,-0.001913406692,-0.005688591645,0,-0.02515545714
2/17/2023,-0.02703944951,-0.02026439919,-0.02707845503,-0.01137027845,0,0.07919704166
2/24/2023,0.02932549137,0.009211509656,0.01951171734,-0.001574886146,0,-0.1586987701
3/3/2023,-0.03167964533,-0.0888570257,-0.04628088278,0.02244250035,0,0.2936136078
3/10/2023,0.05509397309,-0.0610422614,0.01051691611,0.01963540372,-0.4054651081,0.02822687898
3/17/2023,0.01727636087,0.0003227368109,0.01466160099,0.006326910385,-0.6931471806,-0.1599166505
3/24/2023,0.03401344822,0.03674787888,0.03388554818,-0.007738343223,0.6931471806,-0.1506303578
3/31/2023,-0.01293006551,-0.004989096722,-0.0004886510884,0.0136274654,0,-0.01617285925
4/6/2023,-0.002821444838,0.02744121623,0.007959635525,-0.01564726007,0,-0.07502812781
4/14/2023,-0.006005213553,0.010287534,-0.0006305629195,-0.003544486976,0.4054651081,-0.01773096097
4/21/2023,0.02056403889,-0.001506251226,0.009008308415,0.01169957874,-0.4054651081,-0.06084826042
4/28/2023,0.002714604243,-0.02565026122,-0.007965669232,-0.0004011633792,-0.6931471806,0.08558450398
5/5/2023,-0.00191932287,-0.01338958195,-0.002523599408,-0.00220927987,1.609437912,-0.00935132472
5/12/2023,0.04234980992,0.02170627858,0.01693587895,-0.01867126793,0,-0.01300254725
5/19/2023,0.04531278481,-0.01514478027,0.003338742012,-0.007195754733,-0.2231435513,0.06561616751
5/26/2023,0.01278357978,0.02126100729,0.01863393303,0.004015449411,0.2231435513,-0.2065685862
6/2/2023,-0.005346803162,0.01061420124,0.004616361279,-0.003912287498,0,-0.05418138304
6/9/2023,0.04234123023,0.01288793502,0.02199407697,-0.0007223569789,0,-0.02119187819
6/16/2023,-0.02656369623,-0.02533307971,-0.01432410158,0.002371501859,-0.2231435513,-0.007412932389
6/23/2023,0.03042481614,0.0291969573,0.02297902567,-0.005162634079,0.5596157879,0.01109889307
6/30/2023,-0.01535950443,-0.003566125622,-0.01072779416,-0.02102697899,0,0.08731792799
7/7/2023,0.02753630203,0.01945816108,0.024172471,0.02030207864,-0.5596157879,-0.1058851157
7/14/2023,0.0007951835021,0.02906261226,0.006434029251,-0.0009327875476,0.2231435513,0.01930275225
7/21/2023,0.01022405607,-0.001703094366,0.01042799022,-0.008539050115,0,-0.02005265855
7/28/2023,-0.03884762327,-0.008272761487,-0.02237487254,-0.005978934264,0,0.2490613293
8/4/2023,-0.02520396088,0.0002864098545,-0.002599557747,-0.009726263375,0,-0.1417522258
8/11/2023,-0.0116918104,-0.02728761473,-0.0207455153,-0.005646422076,-0.2231435513,0.1533802638
8/18/2023,0.02247824435,0.0002942474642,0.00791816749,0.0009610764796,0.5596157879,-0.09832048658
8/25/2023,0.04343844888,0.02038509727,0.02518199405,0.003090533712,-0.5596157879,-0.180537435
9/1/2023,-0.01954272918,-0.01130610681,-0.01264639754,-0.005013611227,0,0.05571437027
9/8/2023,-0.02277016051,0.01533373021,-0.004837503387,-0.004501615319,0,-0.003619258384
9/15/2023,-0.02694351579,-0.03416889562,-0.02964315973,-0.007006981722,-0.2876820725,0.220965692
9/22/2023,-0.002923800584,-0.0146643358,-0.006853972513,-0.009237689991,-1.098612289,0.01843370169
9/29/2023,0.0258331391,-0.003926904306,0.004807364979,-0.01673494962,1.098612289,-0.00400343686
10/6/2023,0.002434319148,0.005132086736,0.004552641887,0.01290625162,0.8472978604,0.1018011801
10/13/2023,-0.02820645846,-0.03088458284,-0.02418347224,-0.01959002386,-0.5596157879,0.1166321551
10/20/2023,-0.01735107825,-0.0235674694,-0.02526971586,0.006794790832,0,-0.02047535468
10/27/2023,0.0639487246,0.07146992823,0.05681881093,0.01706056459,0,-0.3552655004
11/3/2023,0.04418846876,0.003841044758,0.01352699707,-0.004923154192,0,-0.05090507507
11/10/2023,0.01810603669,0.03192377883,0.0228414687,0.01469734148,0,-0.02645846154
11/17/2023,0.008768880567,0.01051295377,0.009954943207,-0.00281385467,0,-0.1021450788
11/24/2023,0.006324516338,0.02208335723,0.008311508914,0.01900116208,0,0.013551423
12/1/2023,0.005802724213,-0.001106500804,0.002393126346,-0.0009574978124,-0.2876820725,-0.02241887329
12/8/2023,0.02664286991,0.03320936642,0.01964496815,0.02148129352,0.2876820725,-0.005684140355
12/15/2023,0.00182410474,-0.0002677734652,0.00916250657,0.002081382789,0,0.05928246842
12/22/2023,0.002236497434,0.006938912282,0.003498570421,0.002077059631,0.5596157879,-0.04553376823
12/29/2023,-0.04440453328,0.003981425299,-0.01566988161,-0.01105790529,-0.3364722366,0.06979576194
1/5/2024,0.04315687248,-0.003981425299,0.01854806509,0.009396602863,0.3364722366,-0.04991439138
1/12/2024,0.04042241407,0.008738305305,0.01199042631,-0.01349604625,-0.3364722366,0.04616204176
1/19/2024,0.007862301647,0.01880441933,0.01026982548,0.0002106371782,0,-0.00301205047
1/26/2024,0.002425803808,0.008501919046,0.01413811033,0.006298572156,0,0.04353324788
2/2/2024,0.02731344196,0.002562133095,0.01376145468,-0.01126031366,-0.2231435513,-0.06873503985
2/9/2024,-0.0256830471,0.01397558003,-0.003377605114,-0.0079690163,0.2231435513,0.0965047132
2/16/2024,0.01333810781,0.01676506175,0.01655851048,0.003195231177,0,-0.03501608187
2/23/2024,0.02629643171,-0.0002481697494,0.009797276368,0.00382084948,-0.2231435513,-0.04766352634
3/1/2024,-0.01631185865,0.008157256949,-0.002205804305,0.008753945054,0,0.117189589
3/8/2024,-0.008329749359,0.004176397177,-0.003700263632,-0.01673058932,-0.2876820725,-0.02264247675
3/15/2024,0.02060043009,0.01532690264,0.02207569474,0.00903540561,0,-0.09836828616
3/22/2024,-0.007843552575,0.0167588313,0.003562266762,0.001691689978,0.2876820725,-0.003835831324
3/28/2024,-0.008777062519,-0.013143934,-0.008910284587,-0.01618778692,-0.2876820725,0.2087436741
4/5/2024,-0.005001588594,-0.03700042303,-0.0147290087,-0.008951259552,0,0.07682240257
4/12/2024,-0.064804678,0.007956282647,-0.03119506237,-0.006193988833,-0.4054651081,0.0777737711
4/19/2024,0.03721501935,0.0108375445,0.02611218501,-0.002728812478,0.4054651081,-0.2190099365
4/26/2024,0.01351976456,-0.00663637682,0.005943816234,0.01054644187,-0.4054651081,-0.1080995335
5/3/2024,0.01465389255,0.03107800489,0.01850594896,0.0004325259583,0.4054651081,-0.07222800464
5/10/2024,0.03009619522,0.01565496867,0.01639583902,0.006572945382,-0.4054651081,-0.04564769654
5/17/2024,0.01578450139,-0.02092823113,-0.00001888770316,-0.002473252511,0,-0.00501673293
5/24/2024,-0.02365221343,0.0007207207519,-0.003917454693,-0.0008616975975,0,0.07972026224
5/31/2024,0.02555569366,-0.003849860385,0.0125121759,0.001615074375,0,-0.05570254461
6/7/2024,0.05447237305,-0.02021254737,0.01628951592,0.01759576189,0,0.03537346297
6/14/2024,0.003245047577,0.01658979253,0.003182226379,-0.002646204243,0,0.04176941288
6/21/2024,-0.009590078778,-0.005337227614,-0.000532730809,-0.007446842924,0.4054651081,-0.05929974228
6/28/2024,0.02897111855,0.01040541754,0.01896567777,0.005431034062,0,0.00321027563
7/5/2024,0.003942749601,0.02001973439,0.009599671793,0.008354974306,-1.098612289,-0.001603849582
7/12/2024,-0.05689175589,0.0110290922,-0.01983870002,-0.003904400043,1.098612289,0.2820482547
7/19/2024,-0.02100042863,0.01298418427,-0.008322482944,0.004536112003,0,-0.007900375337
7/26/2024,-0.05493067266,-0.03159265904,-0.02142395416,0.02771468058,0,0.3556371878
8/2/2024,0.004435245482,0.008051191963,0.000168872961,-0.01049716339,0,-0.1382453504
8/9/2024,0.07389258294,0.03180028896,0.03922143477,0.004232701307,0,-0.3194360495
8/16/2024,0.01149644421,0.01496626575,0.01400904283,0.0073899546,0,0.06917303544
8/23/2024,-0.016341042,0.02905827165,0.002753574723,-0.0073899546,0,-0.0557500151
8/30/2024,-0.07739866241,-0.03221427066,-0.04225113049,0.01320184962,0,0.4001175018
9/6/2024,0.07789778895,0.004954965093,0.03928405923,0.005272776361,0,-0.3011775539
9/13/2024,0.009436374963,0.02550875807,0.0110418194,-0.004662958272,0,-0.02507009929
9/20/2024,0.01148282393,-0.01123236124,0.005650525686,-0.0003048625602,0,0.0489375807
9/27/2024,0.0008437132764,0.01101332718,0.002638823673,-0.0197070937,0,0.1245733464
10/4/2024,0.02420640006,0.0186637362,0.0114528912,-0.006343285451,0,0.06304078374
10/11/2024,0.0004331629627,0.02358549782,0.008607043523,0.0008342023424,0,-0.1264347233
10/18/2024,-0.002688639954,-0.02100873024,-0.009539187002,-0.01100467009,0,0.1200605904
10/25/2024,-0.02809519886,0.000214431222,-0.01391230007,-0.01294035876,0,0.07347534991
11/1/2024,0.05749083344,0.05323180877,0.0464491695,0.005642214361,0,-0.3815307978
11/8/2024,-0.03628019336,0.01372926875,-0.02101535185,-0.009385734429,0,0.07725848314
11/15/2024,0.02115542548,0.01709783202,0.01652510388,0.00299593633,0,-0.05737711258
11/22/2024,0.0005563520568,0.01195272386,0.01175246821,0.01684451078,0,-0.1204933983
11/29/2024,0.02996620959,-0.01847900037,0.008691683654,0.0008400714555,0,-0.05633148193
12/6/2024,-0.007460077524,-0.01721075102,-0.005940513501,-0.01672350576,0,0.07829429738
12/13/2024,-0.01301043594,-0.0210104618,-0.02185202732,-0.01159433278,0,0.2847814178
12/20/2024,0.00646321819,0.004935235187,0.006508419818,-0.005739362769,0,-0.140715556
12/27/2024,-0.007353595812,-0.003287449026,-0.005156040269,0.002927942232,0,0.01122206291
1/3/2025,-0.03001107842,-0.02648470931,-0.0195495974,-0.01110638594,0,0.1917827545
1/10/2025,0.02303024727,0.05967941865,0.0290155916,0.01218863713,0,-0.2017516844
1/17/2025,0.02192690454,0.01226766473,0.01723737259,0.0002163097564,0,-0.07271209698
1/24/2025,-0.03612313366,0.01211899117,-0.01016714137,0.005930256206,0,0.1011090668
1/31/2025,0.008670761568,0.006777061469,-0.001746231495,0.001289213758,0,0.006672757546
2/7/2025,0.03024829271,-0.0003860258685,0.01475486713,0.001930709599,0,-0.1131835931
2/14/2025,-0.02148174594,-0.02047853134,-0.0161373827,0.004170459983,0,0.2093727972
2/21/2025,-0.0405789818,0.02778766179,-0.009647346455,0.01703474509,0,0.07508811455
2/28/2025,-0.03148412365,-0.06043299587,-0.0312135416,-0.009804516894,0,0.1743941403
3/7/2025,-0.02127346226,-0.01229019976,-0.02302666878,0.0009530365523,0,-0.0709202733
3/14/2025,0.00009347978506,0.01918817802,0.002076696493,0.00569922387,0,-0.1214645861
3/21/2025,-0.03606995198,-0.005067407215,-0.01486219347,0.0007364157926,0,0.1159371653
3/28/2025,-0.1236815393,-0.1073720658,-0.09504386534,0.01534076524,0,0.7385223042
4/4/2025,0.08399555653,0.05437677088,0.05517074203,-0.03209619434,0,-0.1875881043
4/11/2025,-0.02806860988,-0.0004286326684,-0.01562885719,0.0124344022,0,-0.2364775289
4/17/2025,0.07783060891,0.0289446635,0.04642662218,0.005582193652,0,-0.1770068684